{"cameraMode":{"drawMode":0,"name":"Shaded","section":"Shading Mode"},"sceneLighting":true,"audioPlay":false,"sceneViewState":{"m_AlwaysRefresh":false,"showFog":true,"showSkybox":false,"showFlares":true,"showImageEffects":true,"showParticleSystems":true,"showVisualEffectGraphs":true,"m_FxEnabled":true},"in2DMode":false,"pivot":{"x":0.08118319511413574,"y":0.4397754669189453,"z":-0.29323750734329226},"rotation":{"x":0.30914923548698428,"y":0.6633932590484619,"z":-0.35120826959609988,"w":0.5839528441429138},"size":2.1545846462249758,"orthographic":false}