{"cameraMode":{"drawMode":0,"name":"Shaded","section":"Shading Mode"},"sceneLighting":false,"audioPlay":false,"sceneViewState":{"m_AlwaysRefresh":false,"showFog":true,"showSkybox":false,"showFlares":true,"showImageEffects":true,"showParticleSystems":true,"showVisualEffectGraphs":true,"m_FxEnabled":true},"in2DMode":false,"pivot":{"x":503.7852478027344,"y":325.5440673828125,"z":-0.7566738128662109},"rotation":{"x":-0.24960185587406159,"y":-0.023131083697080613,"z":0.005956095643341541,"w":-0.968099057674408},"size":10.187881469726563,"orthographic":false}